[
  {
    "periodo":1,
    "disciplina":"Programação 1",
    "codigo":"1411167"
  },
  {
    "periodo":1,
    "disciplina":"Laboratório de Programação 1",
    "codigo":"1411180"
  },
  {
    "periodo":1,
    "disciplina":"Introdução a Computação",
    "codigo":"1411174"
  },
  {
    "periodo":1,
    "disciplina":"Cálculo Diferencial e Integral 1",
    "codigo":"1109103"
  },
  {
    "periodo":1,
    "disciplina":"Álgebra Vetorial e Geometria Analítica",
    "codigo":"1109035"
  },
  {
    "periodo":1,
    "disciplina":"Leitura e Produção de Textos",
    "codigo":"1307151"
  },
  {
    "periodo":2,
    "disciplina":"Programação 2",
    "codigo":"1411168"
  },
  {
    "periodo":2,
    "disciplina":"Laboratório de Programação 2",
    "codigo":"1411181"
  },
  {
    "periodo":2,
    "disciplina":"Teoria dos Grafos",
    "codigo":"1411170"
  },
  {
    "periodo":2,
    "disciplina":"Matemática Discreta",
    "codigo":"1109113"
  },
  {
    "periodo":2,
    "disciplina":"Cálculo Diferencial e Integral 2",
    "codigo":"1109053"
  },
  {
    "periodo":2,
    "disciplina":"Metodologia Científica",
    "codigo":"1305218"
  },
  {
    "periodo":2,
    "disciplina":"Física Clássica",
    "codigo":"1108089"
  },
  {
    "periodo":3,
    "disciplina":"Estrutura de Dados",
    "codigo":"1411172"
  },
  {
    "periodo":3,
    "disciplina":"Laboratório de Estrutura de Dados",
    "codigo":"1411179"
  },
  {
    "periodo":3,
    "disciplina":"Teoria da Computação",
    "codigo":"1411171"
  },
  {
    "periodo":3,
    "disciplina":"Gerência da Informação",
    "codigo":"1411176"
  },
  {
    "periodo":3,
    "disciplina":"Probabilidade e Estatística",
    "codigo":"1114107"
  },
  {
    "periodo":3,
    "disciplina":"Álgebra Linear",
    "codigo":"1109049"
  },
  {
    "periodo":3,
    "disciplina":"Física Moderna",
    "codigo":"1108090"
  },
  {
    "periodo":4,
    "disciplina":"Organização e Arquitetura de Computadores",
    "codigo":"1411175"
  },
  {
    "periodo":4,
    "disciplina":"Laboratório de Organização e Arquitetura de Computadores",
    "codigo":"1411182"
  },
  {
    "periodo":4,
    "disciplina":"Paradigmas de Linguagens de Programação",
    "codigo":"1411169"
  },
  {
    "periodo":4,
    "disciplina":"Métodos Estatísticos",
    "codigo":"1114114"
  },
  {
    "periodo":4,
    "disciplina":"Lógica Matemática",
    "codigo":"1411173"
  },
  {
    "periodo":4,
    "disciplina":"Sistemas de Informação 1",
    "codigo":"1411178"
  },
  {
    "periodo":4,
    "disciplina":"Engenharia de Software 1",
    "codigo":"1411177"
  },
  {
    "periodo":5,
    "disciplina":"Análise e Técnica de Algorítimos",
    "codigo":"1411187"
  },
  {
    "periodo":5,
    "disciplina":"Redes de Computadores",
    "codigo":"1411190"
  },
  {
    "periodo":5,
    "disciplina":"Compiladores",
    "codigo":"1411189"
  },
  {
    "periodo":5,
    "disciplina":"Banco de Dados 1",
    "codigo":"1411193"
  },
  {
    "periodo":5,
    "disciplina":"Sistemas de Informação 2",
    "codigo":"1411195"
  },
  {
    "periodo":5,
    "disciplina":"Laboratório de Engenharia de Software",
    "codigo":"1411183"
  },
  {
    "periodo":5,
    "disciplina":"Informática e Sociedade",
    "codigo":"1305220"
  },
  {
    "periodo":6,
    "disciplina":"Sistemas Operacionais",
    "codigo":"1411192"
  },
  {
    "periodo":6,
    "disciplina":"Inteligência Artificial",
    "codigo":"1411196"
  },
  {
    "periodo":6,
    "disciplina":"Interconexão de Redes de Computadores",
    "codigo":"1411191"
  },
  {
    "periodo":6,
    "disciplina":"Laboratório de Interconexão de Redes de Computadores",
    "codigo":"1411184"
  },
  {
    "periodo":6,
    "disciplina":"Banco de Dados 2",
    "codigo":"1411194"
  },
  {
    "periodo":6,
    "disciplina":"Direito e Cidadania",
    "codigo":"1305219"
  },
  {
    "periodo":7,
    "disciplina":"Métodos e Software Numéricos",
    "codigo":"1411188"
  },
  {
    "periodo":7,
    "disciplina":"Avaliação de Desempenho de Sistemas Discretos",
    "codigo":"1411197"
  },
  {
    "periodo":7,
    "disciplina":"Projeto em Computação 1",
    "codigo":"1411185"
  },
  {
    "periodo":8,
    "disciplina":"Projeto em Computação 2",
    "codigo":"1411186"
  }
]