[
  {
    "codigo":1109035,
    "disciplina":"Álgebra Vetorial e Geometria Analítica",
    "periodo":1,
    "FreqRelativa1st":0.688607594936709,
    "PerMaisFreq2nd":2,
    "FreqRelativa2nd":0.2,
    "PerMaisFreq3rd":3,
    "FreqRelativa3rd":0.0759493670886076,
    "TotalDeAlunosPorDisciplina":395,
    "TipoDeDisciplina":"OBG"
  },
  {
    "codigo":1109103,
    "disciplina":"Cálculo Diferencial e Integral I",
    "periodo":1,
    "FreqRelativa1st":0.584444444444444,
    "PerMaisFreq2nd":2,
    "FreqRelativa2nd":0.291111111111111,
    "PerMaisFreq3rd":3,
    "FreqRelativa3rd":0.0755555555555556,
    "TotalDeAlunosPorDisciplina":450,
    "TipoDeDisciplina":"OBG"
  },
  {
    "codigo":1307151,
    "disciplina":"Leitura e Produção de Textos",
    "periodo":1,
    "FreqRelativa1st":0.939655172413793,
    "PerMaisFreq2nd":2,
    "FreqRelativa2nd":0.0301724137931034,
    "PerMaisFreq3rd":4,
    "FreqRelativa3rd":0.0172413793103448,
    "TotalDeAlunosPorDisciplina":232,
    "TipoDeDisciplina":"OBG"
  },
  {
    "codigo":1411167,
    "disciplina":"Programação I",
    "periodo":1,
    "FreqRelativa1st":0.745308310991957,
    "PerMaisFreq2nd":2,
    "FreqRelativa2nd":0.195710455764075,
    "PerMaisFreq3rd":3,
    "FreqRelativa3rd":0.0563002680965147,
    "TotalDeAlunosPorDisciplina":373,
    "TipoDeDisciplina":"OBG"
  },
  {
    "codigo":1411174,
    "disciplina":"Introdução à Computação",
    "periodo":1,
    "FreqRelativa1st":0.904153354632588,
    "PerMaisFreq2nd":2,
    "FreqRelativa2nd":0.0830670926517572,
    "PerMaisFreq3rd":3,
    "FreqRelativa3rd":0.00958466453674121,
    "TotalDeAlunosPorDisciplina":313,
    "TipoDeDisciplina":"OBG"
  },
  {
    "codigo":1411180,
    "disciplina":"Lab. de Programação I",
    "periodo":1,
    "FreqRelativa1st":0.748663101604278,
    "PerMaisFreq2nd":2,
    "FreqRelativa2nd":0.195187165775401,
    "PerMaisFreq3rd":3,
    "FreqRelativa3rd":0.053475935828877,
    "TotalDeAlunosPorDisciplina":374,
    "TipoDeDisciplina":"OBG"
  },
  {
    "codigo":1108089,
    "disciplina":"Fundamentos de Física Clássica",
    "periodo":2,
    "FreqRelativa1st":0.389090909090909,
    "PerMaisFreq2nd":3,
    "FreqRelativa2nd":0.298181818181818,
    "PerMaisFreq3rd":4,
    "FreqRelativa3rd":0.181818181818182,
    "TotalDeAlunosPorDisciplina":275,
    "TipoDeDisciplina":"OBG"
  },
  {
    "codigo":1109053,
    "disciplina":"Cálculo Diferencial e Integral II",
    "periodo":2,
    "FreqRelativa1st":0.344262295081967,
    "PerMaisFreq2nd":3,
    "FreqRelativa2nd":0.278688524590164,
    "PerMaisFreq3rd":4,
    "FreqRelativa3rd":0.2,
    "TotalDeAlunosPorDisciplina":305,
    "TipoDeDisciplina":"OBG"
  },
  {
    "codigo":1109113,
    "disciplina":"Matemática Discreta",
    "periodo":2,
    "FreqRelativa1st":0.563106796116505,
    "PerMaisFreq2nd":3,
    "FreqRelativa2nd":0.239482200647249,
    "PerMaisFreq3rd":4,
    "FreqRelativa3rd":0.103559870550162,
    "TotalDeAlunosPorDisciplina":309,
    "TipoDeDisciplina":"OBG"
  },
  {
    "codigo":1305220,
    "disciplina":"Informática e Sociedade",
    "periodo":2,
    "FreqRelativa1st":0.394366197183099,
    "PerMaisFreq2nd":3,
    "FreqRelativa2nd":0.140845070422535,
    "PerMaisFreq3rd":5,
    "FreqRelativa3rd":0.140845070422535,
    "TotalDeAlunosPorDisciplina":213,
    "TipoDeDisciplina":"OBG"
  },
  {
    "codigo":1411168,
    "disciplina":"Programação II",
    "periodo":2,
    "FreqRelativa1st":0.649659863945578,
    "PerMaisFreq2nd":3,
    "FreqRelativa2nd":0.187074829931973,
    "PerMaisFreq3rd":4,
    "FreqRelativa3rd":0.105442176870748,
    "TotalDeAlunosPorDisciplina":294,
    "TipoDeDisciplina":"OBG"
  },
  {
    "codigo":1411170,
    "disciplina":"Teoria dos Grafos",
    "periodo":2,
    "FreqRelativa1st":0.670138888888889,
    "PerMaisFreq2nd":3,
    "FreqRelativa2nd":0.215277777777778,
    "PerMaisFreq3rd":4,
    "FreqRelativa3rd":0.0902777777777778,
    "TotalDeAlunosPorDisciplina":288,
    "TipoDeDisciplina":"OBG"
  },
  {
    "codigo":1411181,
    "disciplina":"Lab. de Programação II",
    "periodo":2,
    "FreqRelativa1st":0.598070739549839,
    "PerMaisFreq2nd":3,
    "FreqRelativa2nd":0.196141479099678,
    "PerMaisFreq3rd":4,
    "FreqRelativa3rd":0.138263665594855,
    "TotalDeAlunosPorDisciplina":311,
    "TipoDeDisciplina":"OBG"
  },
  {
    "codigo":1108090,
    "disciplina":"Fundamentos de Física Moderna",
    "periodo":3,
    "FreqRelativa1st":0.45,
    "PerMaisFreq2nd":4,
    "FreqRelativa2nd":0.192857142857143,
    "PerMaisFreq3rd":5,
    "FreqRelativa3rd":0.128571428571429,
    "TotalDeAlunosPorDisciplina":140,
    "TipoDeDisciplina":"OBG"
  },
  {
    "codigo":1109049,
    "disciplina":"Álgebra Linear",
    "periodo":3,
    "FreqRelativa1st":0.348837209302326,
    "PerMaisFreq2nd":4,
    "FreqRelativa2nd":0.209302325581395,
    "PerMaisFreq3rd":2,
    "FreqRelativa3rd":0.195348837209302,
    "TotalDeAlunosPorDisciplina":215,
    "TipoDeDisciplina":"OBG"
  },
  {
    "codigo":1114107,
    "disciplina":"Probabilidade e Estatística",
    "periodo":3,
    "FreqRelativa1st":0.310043668122271,
    "PerMaisFreq2nd":4,
    "FreqRelativa2nd":0.222707423580786,
    "PerMaisFreq3rd":5,
    "FreqRelativa3rd":0.165938864628821,
    "TotalDeAlunosPorDisciplina":229,
    "TipoDeDisciplina":"OBG"
  },
  {
    "codigo":1411171,
    "disciplina":"Teoria da Computação",
    "periodo":3,
    "FreqRelativa1st":0.417989417989418,
    "PerMaisFreq2nd":4,
    "FreqRelativa2nd":0.317460317460317,
    "PerMaisFreq3rd":1,
    "FreqRelativa3rd":0.111111111111111,
    "TotalDeAlunosPorDisciplina":189,
    "TipoDeDisciplina":"OBG"
  },
  {
    "codigo":1411172,
    "disciplina":"Estruturas de Dados e Algoritmos",
    "periodo":3,
    "FreqRelativa1st":0.560869565217391,
    "PerMaisFreq2nd":4,
    "FreqRelativa2nd":0.21304347826087,
    "PerMaisFreq3rd":5,
    "FreqRelativa3rd":0.0869565217391304,
    "TotalDeAlunosPorDisciplina":230,
    "TipoDeDisciplina":"OBG"
  },
  {
    "codigo":1411176,
    "disciplina":"Gerência da Informação",
    "periodo":3,
    "FreqRelativa1st":0.609649122807018,
    "PerMaisFreq2nd":4,
    "FreqRelativa2nd":0.157894736842105,
    "PerMaisFreq3rd":2,
    "FreqRelativa3rd":0.118421052631579,
    "TotalDeAlunosPorDisciplina":228,
    "TipoDeDisciplina":"OBG"
  },
  {
    "codigo":1411179,
    "disciplina":"Lab. de Estruturas de Dados e Algoritmos",
    "periodo":3,
    "FreqRelativa1st":0.586046511627907,
    "PerMaisFreq2nd":4,
    "FreqRelativa2nd":0.213953488372093,
    "PerMaisFreq3rd":5,
    "FreqRelativa3rd":0.0837209302325581,
    "TotalDeAlunosPorDisciplina":215,
    "TipoDeDisciplina":"OBG"
  },
  {
    "codigo":1305219,
    "disciplina":"Direito e Cidadania",
    "periodo":4,
    "FreqRelativa1st":0.189473684210526,
    "PerMaisFreq2nd":3,
    "FreqRelativa2nd":0.152631578947368,
    "PerMaisFreq3rd":2,
    "FreqRelativa3rd":0.147368421052632,
    "TotalDeAlunosPorDisciplina":190,
    "TipoDeDisciplina":"OBG"
  },
  {
    "codigo":1411169,
    "disciplina":"Paradigmas de Linguagem de Programação",
    "periodo":4,
    "FreqRelativa1st":0.357723577235772,
    "PerMaisFreq2nd":5,
    "FreqRelativa2nd":0.317073170731707,
    "PerMaisFreq3rd":6,
    "FreqRelativa3rd":0.0975609756097561,
    "TotalDeAlunosPorDisciplina":123,
    "TipoDeDisciplina":"OBG"
  },
  {
    "codigo":1411173,
    "disciplina":"Lógica Matemática",
    "periodo":4,
    "FreqRelativa1st":0.389261744966443,
    "PerMaisFreq2nd":5,
    "FreqRelativa2nd":0.302013422818792,
    "PerMaisFreq3rd":6,
    "FreqRelativa3rd":0.0939597315436242,
    "TotalDeAlunosPorDisciplina":149,
    "TipoDeDisciplina":"OBG"
  },
  {
    "codigo":1411175,
    "disciplina":"Organização e Arquitetura de Computadores",
    "periodo":4,
    "FreqRelativa1st":0.36231884057971,
    "PerMaisFreq2nd":5,
    "FreqRelativa2nd":0.246376811594203,
    "PerMaisFreq3rd":6,
    "FreqRelativa3rd":0.108695652173913,
    "TotalDeAlunosPorDisciplina":138,
    "TipoDeDisciplina":"OBG"
  },
  {
    "codigo":1411178,
    "disciplina":"Sistemas de Informação I",
    "periodo":4,
    "FreqRelativa1st":0.614285714285714,
    "PerMaisFreq2nd":5,
    "FreqRelativa2nd":0.178571428571429,
    "PerMaisFreq3rd":1,
    "FreqRelativa3rd":0.0857142857142857,
    "TotalDeAlunosPorDisciplina":140,
    "TipoDeDisciplina":"OBG"
  },
  {
    "codigo":1411182,
    "disciplina":"Lab. de Organização e Arquitetura de Computadores",
    "periodo":4,
    "FreqRelativa1st":0.335570469798658,
    "PerMaisFreq2nd":5,
    "FreqRelativa2nd":0.241610738255034,
    "PerMaisFreq3rd":6,
    "FreqRelativa3rd":0.120805369127517,
    "TotalDeAlunosPorDisciplina":149,
    "TipoDeDisciplina":"OBG"
  },
  {
    "codigo":1114114,
    "disciplina":"Métodos Estatísticos",
    "periodo":5,
    "FreqRelativa1st":0.342281879194631,
    "PerMaisFreq2nd":6,
    "FreqRelativa2nd":0.154362416107383,
    "PerMaisFreq3rd":1,
    "FreqRelativa3rd":0.100671140939597,
    "TotalDeAlunosPorDisciplina":149,
    "TipoDeDisciplina":"OBG"
  },
  {
    "codigo":1411177,
    "disciplina":"Engenharia de Software I",
    "periodo":5,
    "FreqRelativa1st":0.369747899159664,
    "PerMaisFreq2nd":6,
    "FreqRelativa2nd":0.19327731092437,
    "PerMaisFreq3rd":4,
    "FreqRelativa3rd":0.176470588235294,
    "TotalDeAlunosPorDisciplina":119,
    "TipoDeDisciplina":"OBG"
  },
  {
    "codigo":1411187,
    "disciplina":"Análise e Técnicas de Algoritmos",
    "periodo":5,
    "FreqRelativa1st":0.258333333333333,
    "PerMaisFreq2nd":6,
    "FreqRelativa2nd":0.233333333333333,
    "PerMaisFreq3rd":7,
    "FreqRelativa3rd":0.108333333333333,
    "TotalDeAlunosPorDisciplina":120,
    "TipoDeDisciplina":"OBG"
  },
  {
    "codigo":1411193,
    "disciplina":"Banco de Dados I",
    "periodo":5,
    "FreqRelativa1st":0.401273885350318,
    "PerMaisFreq2nd":6,
    "FreqRelativa2nd":0.222929936305732,
    "PerMaisFreq3rd":1,
    "FreqRelativa3rd":0.0955414012738854,
    "TotalDeAlunosPorDisciplina":157,
    "TipoDeDisciplina":"OBG"
  },
  {
    "codigo":1411195,
    "disciplina":"Sistemas de Informação II",
    "periodo":6,
    "FreqRelativa1st":0.318840579710145,
    "PerMaisFreq2nd":5,
    "FreqRelativa2nd":0.289855072463768,
    "PerMaisFreq3rd":1,
    "FreqRelativa3rd":0.123188405797101,
    "TotalDeAlunosPorDisciplina":138,
    "TipoDeDisciplina":"OBG"
  },
  {
    "codigo":1305218,
    "disciplina":"Metodologia Científica",
    "periodo":6,
    "FreqRelativa1st":0.382978723404255,
    "PerMaisFreq2nd":7,
    "FreqRelativa2nd":0.361702127659574,
    "PerMaisFreq3rd":2,
    "FreqRelativa3rd":0.0851063829787234,
    "TotalDeAlunosPorDisciplina":47,
    "TipoDeDisciplina":"OBG"
  },
  {
    "codigo":1411183,
    "disciplina":"Lab. de Engenharia de Software",
    "periodo":6,
    "FreqRelativa1st":0.341880341880342,
    "PerMaisFreq2nd":7,
    "FreqRelativa2nd":0.205128205128205,
    "PerMaisFreq3rd":5,
    "FreqRelativa3rd":0.111111111111111,
    "TotalDeAlunosPorDisciplina":117,
    "TipoDeDisciplina":"OBG"
  },
  {
    "codigo":1411190,
    "disciplina":"Redes de Computadores",
    "periodo":6,
    "FreqRelativa1st":0.341269841269841,
    "PerMaisFreq2nd":5,
    "FreqRelativa2nd":0.142857142857143,
    "PerMaisFreq3rd":7,
    "FreqRelativa3rd":0.119047619047619,
    "TotalDeAlunosPorDisciplina":126,
    "TipoDeDisciplina":"OBG"
  },
  {
    "codigo":1411184,
    "disciplina":"Lab. de Interconexão de Redes de Computadores",
    "periodo":7,
    "FreqRelativa1st":0.357723577235772,
    "PerMaisFreq2nd":8,
    "FreqRelativa2nd":0.16260162601626,
    "PerMaisFreq3rd":6,
    "FreqRelativa3rd":0.0731707317073171,
    "TotalDeAlunosPorDisciplina":123,
    "TipoDeDisciplina":"OBG"
  },
  {
    "codigo":1411191,
    "disciplina":"Interconexão de Redes de Computadores",
    "periodo":7,
    "FreqRelativa1st":0.357723577235772,
    "PerMaisFreq2nd":8,
    "FreqRelativa2nd":0.16260162601626,
    "PerMaisFreq3rd":6,
    "FreqRelativa3rd":0.0731707317073171,
    "TotalDeAlunosPorDisciplina":123,
    "TipoDeDisciplina":"OBG"
  },
  {
    "codigo":1411192,
    "disciplina":"Sistemas Operacionais",
    "periodo":7,
    "FreqRelativa1st":0.302083333333333,
    "PerMaisFreq2nd":6,
    "FreqRelativa2nd":0.21875,
    "PerMaisFreq3rd":8,
    "FreqRelativa3rd":0.145833333333333,
    "TotalDeAlunosPorDisciplina":96,
    "TipoDeDisciplina":"OBG"
  },
  {
    "codigo":1411194,
    "disciplina":"Banco de Dados II",
    "periodo":7,
    "FreqRelativa1st":0.301724137931034,
    "PerMaisFreq2nd":6,
    "FreqRelativa2nd":0.181034482758621,
    "PerMaisFreq3rd":8,
    "FreqRelativa3rd":0.120689655172414,
    "TotalDeAlunosPorDisciplina":116,
    "TipoDeDisciplina":"OBG"
  },
  {
    "codigo":1411185,
    "disciplina":"Projeto em Computação I",
    "periodo":8,
    "FreqRelativa1st":0.394957983193277,
    "PerMaisFreq2nd":7,
    "FreqRelativa2nd":0.142857142857143,
    "PerMaisFreq3rd":9,
    "FreqRelativa3rd":0.117647058823529,
    "TotalDeAlunosPorDisciplina":119,
    "TipoDeDisciplina":"OBG"
  },
  {
    "codigo":1411188,
    "disciplina":"Métodos e Software Numéricos",
    "periodo":8,
    "FreqRelativa1st":0.294573643410853,
    "PerMaisFreq2nd":9,
    "FreqRelativa2nd":0.286821705426357,
    "PerMaisFreq3rd":10,
    "FreqRelativa3rd":0.0775193798449612,
    "TotalDeAlunosPorDisciplina":129,
    "TipoDeDisciplina":"OBG"
  },
  {
    "codigo":1411189,
    "disciplina":"Compiladores",
    "periodo":8,
    "FreqRelativa1st":0.260162601626016,
    "PerMaisFreq2nd":7,
    "FreqRelativa2nd":0.219512195121951,
    "PerMaisFreq3rd":9,
    "FreqRelativa3rd":0.113821138211382,
    "TotalDeAlunosPorDisciplina":123,
    "TipoDeDisciplina":"OBG"
  },
  {
    "codigo":1411196,
    "disciplina":"Inteligência Artificial I",
    "periodo":8,
    "FreqRelativa1st":0.191489361702128,
    "PerMaisFreq2nd":9,
    "FreqRelativa2nd":0.148936170212766,
    "PerMaisFreq3rd":10,
    "FreqRelativa3rd":0.138297872340426,
    "TotalDeAlunosPorDisciplina":94,
    "TipoDeDisciplina":"OBG"
  },
  {
    "codigo":1411197,
    "disciplina":"Avaliação de Desempenho de Sistemas Discretos",
    "periodo":8,
    "FreqRelativa1st":0.403669724770642,
    "PerMaisFreq2nd":10,
    "FreqRelativa2nd":0.165137614678899,
    "PerMaisFreq3rd":9,
    "FreqRelativa3rd":0.128440366972477,
    "TotalDeAlunosPorDisciplina":109,
    "TipoDeDisciplina":"OBG"
  },
  {
    "codigo":1411186,
    "disciplina":"Projeto em Computação II",
    "periodo":9,
    "FreqRelativa1st":0.314285714285714,
    "PerMaisFreq2nd":10,
    "FreqRelativa2nd":0.142857142857143,
    "PerMaisFreq3rd":8,
    "FreqRelativa3rd":0.133333333333333,
    "TotalDeAlunosPorDisciplina":105,
    "TipoDeDisciplina":"OBG"
  }
]