[
  {
    "cod1":1411168,
    "cod2":1411167
  },
  {
    "cod1":1411168,
    "cod2":1411180
  },
  {
    "cod1":1411168,
    "cod2":1411174
  },
  {
    "cod1":1411181,
    "cod2":1411167
  },
  {
    "cod1":1411181,
    "cod2":1411180
  },
  {
    "cod1":1411181,
    "cod2":1411174
  },
  {
    "cod1":1411170,
    "cod2":1411167
  },
  {
    "cod1":1411170,
    "cod2":1411180
  },
  {
    "cod1":1411170,
    "cod2":1411174
  },
  {
    "cod1":1109053,
    "cod2":1109103
  },
  {
    "cod1":1109053,
    "cod2":1109035
  },
  {
    "cod1":1108089,
    "cod2":1109103
  },
  {
    "cod1":1108089,
    "cod2":1109035
  },
  {
    "cod1":1411172,
    "cod2":1411168
  },
  {
    "cod1":1411172,
    "cod2":1411181
  },
  {
    "cod1":1411172,
    "cod2":1411170
  },
  {
    "cod1":1411179,
    "cod2":1411168
  },
  {
    "cod1":1411179,
    "cod2":1411181
  },
  {
    "cod1":1411179,
    "cod2":1411170
  },
  {
    "cod1":1411171,
    "cod2":1411174
  },
  {
    "cod1":1411171,
    "cod2":1411170
  },
  {
    "cod1":1411171,
    "cod2":1109113
  },
  {
    "cod1":1114107,
    "cod2":1109053
  },
  {
    "cod1":1109049,
    "cod2":1109035
  },
  {
    "cod1":1108090,
    "cod2":1109053
  },
  {
    "cod1":1108090,
    "cod2":1108089
  },
  {
    "cod1":1411175,
    "cod2":1411172
  },
  {
    "cod1":1411175,
    "cod2":1411179
  },
  {
    "cod1":1411175,
    "cod2":1108090
  },
  {
    "cod1":1411182,
    "cod2":1411172
  },
  {
    "cod1":1411182,
    "cod2":1411179
  },
  {
    "cod1":1411182,
    "cod2":1108090
  },
  {
    "cod1":1411169,
    "cod2":1411172
  },
  {
    "cod1":1411169,
    "cod2":1411179
  },
  {
    "cod1":1411169,
    "cod2":1411171
  },
  {
    "cod1":1114114,
    "cod2":1109049
  },
  {
    "cod1":1114114,
    "cod2":1114107
  },
  {
    "cod1":1411173,
    "cod2":1411171
  },
  {
    "cod1":1411195,
    "cod2":1411176
  },
  {
    "cod1":1411177,
    "cod2":1411181
  },
  {
    "cod1":1411177,
    "cod2":1411168
  },
  {
    "cod1":1411187,
    "cod2":1411172
  },
  {
    "cod1":1411187,
    "cod2":1411179
  },
  {
    "cod1":1411187,
    "cod2":1109053
  },
  {
    "cod1":1411187,
    "cod2":1411173
  },
  {
    "cod1":1411190,
    "cod2":1411175
  },
  {
    "cod1":1411190,
    "cod2":1411182
  },
  {
    "cod1":1411189,
    "cod2":1411175
  },
  {
    "cod1":1411189,
    "cod2":1411182
  },
  {
    "cod1":1411189,
    "cod2":1411169
  },
  {
    "cod1":1411193,
    "cod2":1411178
  },
  {
    "cod1":1411195,
    "cod2":1411178
  },
  {
    "cod1":1411183,
    "cod2":1411177
  },
  {
    "cod1":1411192,
    "cod2":1411175
  },
  {
    "cod1":1411192,
    "cod2":1411182
  },
  {
    "cod1":1411196,
    "cod2":1411187
  },
  {
    "cod1":1411196,
    "cod2":1411169
  },
  {
    "cod1":1411196,
    "cod2":1114114
  },
  {
    "cod1":1411191,
    "cod2":1411190
  },
  {
    "cod1":1411184,
    "cod2":1411190
  },
  {
    "cod1":1411194,
    "cod2":1411193
  },
  {
    "cod1":1411194,
    "cod2":1411195
  },
  {
    "cod1":1411188,
    "cod2":1411187
  },
  {
    "cod1":1411188,
    "cod2":1109049
  },
  {
    "cod1":1411197,
    "cod2":1114107
  },
  {
    "cod1":1411185,
    "cod2":1305218
  },
  {
    "cod1":1411185,
    "cod2":1411183
  },
  {
    "cod1":1411186,
    "cod2":1411185
  }
]