[
  {
    "disciplina":"Álgebra Vetorial e Geometria Analítica",
    "periodo":1,
    "cluster":2,
    "codigo":1109035
  },
  {
    "disciplina":"Cálculo Diferencial e Integral 1",
    "periodo":1,
    "cluster":2,
    "codigo":1109103
  },
  {
    "disciplina":"Programação 1",
    "periodo":1,
    "cluster":2,
    "codigo":1411167
  },
  {
    "disciplina":"Introdução a Computação",
    "periodo":1,
    "cluster":2,
    "codigo":1411174
  },
  {
    "disciplina":"Laboratório de Programação 1",
    "periodo":1,
    "cluster":2,
    "codigo":1411180
  },
  {
    "disciplina":"Física Clássica",
    "periodo":2,
    "cluster":2,
    "codigo":1108089
  },
  {
    "disciplina":"Cálculo Diferencial e Integral 2",
    "periodo":2,
    "cluster":2,
    "codigo":1109053
  },
  {
    "disciplina":"Matemática Discreta",
    "periodo":2,
    "cluster":2,
    "codigo":1109113
  },
  {
    "disciplina":"Leitura e Produção de Textos",
    "periodo":2,
    "cluster":2,
    "codigo":1307151
  },
  {
    "disciplina":"Programação 2",
    "periodo":2,
    "cluster":2,
    "codigo":1411168
  },
  {
    "disciplina":"Teoria dos Grafos",
    "periodo":2,
    "cluster":2,
    "codigo":1411170
  },
  {
    "disciplina":"Laboratório de Programação 2",
    "periodo":2,
    "cluster":2,
    "codigo":1411181
  },
  {
    "disciplina":"Física Moderna",
    "periodo":3,
    "cluster":2,
    "codigo":1108090
  },
  {
    "disciplina":"Álgebra Linear",
    "periodo":3,
    "cluster":2,
    "codigo":1109049
  },
  {
    "disciplina":"Probabilidade e Estatística",
    "periodo":3,
    "cluster":2,
    "codigo":1114107
  },
  {
    "disciplina":"Teoria da Computação",
    "periodo":3,
    "cluster":2,
    "codigo":1411171
  },
  {
    "disciplina":"Estrutura de Dados",
    "periodo":3,
    "cluster":2,
    "codigo":1411172
  },
  {
    "disciplina":"Gerência da Informação",
    "periodo":3,
    "cluster":2,
    "codigo":1411176
  },
  {
    "disciplina":"Laboratório de Estrutura de Dados",
    "periodo":3,
    "cluster":2,
    "codigo":1411179
  },
  {
    "disciplina":"Direito e Cidadania",
    "periodo":4,
    "cluster":2,
    "codigo":1305219
  },
  {
    "disciplina":"Informática e Sociedade",
    "periodo":4,
    "cluster":2,
    "codigo":1305220
  },
  {
    "disciplina":"Paradigmas de Linguagens de Programação",
    "periodo":4,
    "cluster":2,
    "codigo":1411169
  },
  {
    "disciplina":"Lógica Matemática",
    "periodo":4,
    "cluster":2,
    "codigo":1411173
  },
  {
    "disciplina":"Organização e Arquitetura de Computadores",
    "periodo":4,
    "cluster":2,
    "codigo":1411175
  },
  {
    "disciplina":"Engenharia de Software 1",
    "periodo":4,
    "cluster":2,
    "codigo":1411177
  },
  {
    "disciplina":"Sistemas de Informação 1",
    "periodo":4,
    "cluster":2,
    "codigo":1411178
  },
  {
    "disciplina":"Laboratório de Organização e Arquitetura de Computadores",
    "periodo":4,
    "cluster":2,
    "codigo":1411182
  },
  {
    "disciplina":"Sistemas de Informação 2",
    "periodo":4,
    "cluster":2,
    "codigo":1411195
  }
]