[
  {
    "disciplina":"Álgebra Vetorial e Geometria Analítica",
    "periodo":1,
    "cluster":4,
    "codigo":1109035
  },
  {
    "disciplina":"Cálculo Diferencial e Integral 1",
    "periodo":1,
    "cluster":4,
    "codigo":1109103
  },
  {
    "disciplina":"Programação 1",
    "periodo":1,
    "cluster":4,
    "codigo":1411167
  },
  {
    "disciplina":"Introdução a Computação",
    "periodo":1,
    "cluster":4,
    "codigo":1411174
  },
  {
    "disciplina":"Laboratório de Programação 1",
    "periodo":1,
    "cluster":4,
    "codigo":1411180
  },
  {
    "disciplina":"Álgebra Linear",
    "periodo":2,
    "cluster":4,
    "codigo":1109049
  },
  {
    "disciplina":"Matemática Discreta",
    "periodo":2,
    "cluster":4,
    "codigo":1109113
  },
  {
    "disciplina":"Leitura e Produção de Textos",
    "periodo":2,
    "cluster":4,
    "codigo":1307151
  },
  {
    "disciplina":"Programação 2",
    "periodo":2,
    "cluster":4,
    "codigo":1411168
  },
  {
    "disciplina":"Teoria dos Grafos",
    "periodo":2,
    "cluster":4,
    "codigo":1411170
  },
  {
    "disciplina":"Laboratório de Programação 2",
    "periodo":2,
    "cluster":4,
    "codigo":1411181
  },
  {
    "disciplina":"Física Clássica",
    "periodo":3,
    "cluster":4,
    "codigo":1108089
  },
  {
    "disciplina":"Física Moderna",
    "periodo":3,
    "cluster":4,
    "codigo":1108090
  },
  {
    "disciplina":"Cálculo Diferencial e Integral 2",
    "periodo":3,
    "cluster":4,
    "codigo":1109053
  },
  {
    "disciplina":"Informática e Sociedade",
    "periodo":3,
    "cluster":4,
    "codigo":1305220
  },
  {
    "disciplina":"Teoria da Computação",
    "periodo":3,
    "cluster":4,
    "codigo":1411171
  },
  {
    "disciplina":"Sistemas de Informação 1",
    "periodo":3,
    "cluster":4,
    "codigo":1411178
  },
  {
    "disciplina":"Sistemas de Informação 2",
    "periodo":3,
    "cluster":4,
    "codigo":1411195
  },
  {
    "disciplina":"Gerência da Informação",
    "periodo":4,
    "cluster":4,
    "codigo":1411176
  }
]