nota1,nota2,nota3,nota4,nota5,nota6,nota7,nota8,media,final,#disciplina,#departamento,#matricula
8.3,8.2,8.0,4.5,-1.0,-1.0,-1.0,-1.0,7.1,-1.0,aval.de desempenho de sistemas discretos,dme,104110023
9.2,8.1,6.2,-1.0,-1.0,-1.0,-1.0,-1.0,7.8,-1.0,inteligencia artificial i,dme,104110023
5.9,4.9,2.0,-1.0,-1.0,-1.0,-1.0,-1.0,5.3,6.8,compiladores,dme,104210032
5.5,7.5,8.0,-1.0,-1.0,-1.0,-1.0,-1.0,7.0,-1.0,inteligencia artificial i,dme,104210032
5.7,5.7,9.5,-1.0,-1.0,-1.0,-1.0,-1.0,7.0,-1.0,interconex?o de redes de computadores,dme,104210032
5.7,5.7,9.5,-1.0,-1.0,-1.0,-1.0,-1.0,7.0,-1.0,lab.de intercon.de redes de computadores,dme,104210032
8.2,7.9,9.1,-1.0,-1.0,-1.0,-1.0,-1.0,8.4,-1.0,laboratorio de engenharia de software,dme,104210032
5.0,3.5,7.5,5.0,-1.0,-1.0,-1.0,-1.0,5.4,5.5,metodos e software numericos,dme,104210032
5.5,-1.0,3.5,-1.0,-1.0,-1.0,-1.0,-1.0,3.0,-1.0,metodos estatisticos,dme,104210032
5.0,5.5,8.0,-1.0,-1.0,-1.0,-1.0,-1.0,6.6,7.2,metodos estatisticos,dme,104210032
7.5,8.5,8.0,-1.0,-1.0,-1.0,-1.0,-1.0,8.0,-1.0,projeto em computacao i,dme,104210032
8.5,9.0,8.5,-1.0,-1.0,-1.0,-1.0,-1.0,8.6,-1.0,projeto em computacao ii,dme,104210032
8.0,7.7,5.3,-1.0,-1.0,-1.0,-1.0,-1.0,7.0,-1.0,redes de computadores,dme,104210032
6.0,5.5,6.0,-1.0,-1.0,-1.0,-1.0,-1.0,5.7,5.5,sistemas operacionais,dme,104210032
8.0,8.7,6.0,-1.0,-1.0,-1.0,-1.0,-1.0,7.4,-1.0,tecc(fund e aplic. de realidade virtual,dme,104210032
7.9,9.2,6.0,7.0,-1.0,-1.0,-1.0,-1.0,7.5,-1.0,aval.de desempenho de sistemas discretos,dme,105110107
5.5,5.9,6.7,5.5,-1.0,-1.0,-1.0,-1.0,5.0,3.6,banco de dados ii,dme,105110107
7.3,6.1,2.8,-1.0,-1.0,-1.0,-1.0,-1.0,5.5,5.7,compiladores,dme,105110107
9.0,9.0,10.0,-1.0,-1.0,-1.0,-1.0,-1.0,9.3,-1.0,empreendedorismo,dme,105110107
9.7,9.8,8.5,-1.0,-1.0,-1.0,-1.0,-1.0,9.3,-1.0,inteligencia artificial i,dme,105110107
3.6,8.3,9.1,-1.0,-1.0,-1.0,-1.0,-1.0,7.0,-1.0,interconex?o de redes de computadores,dme,105110107
3.6,8.3,9.1,-1.0,-1.0,-1.0,-1.0,-1.0,7.0,-1.0,lab.de intercon.de redes de computadores,dme,105110107
9.0,9.0,8.5,9.0,8.5,9.0,-1.0,-1.0,8.9,-1.0,projeto em computacao i,dme,105110107
8.0,8.0,10.0,7.4,8.4,9.2,-1.0,-1.0,8.5,-1.0,projeto em computacao ii,dme,105110107
9.0,5.3,6.8,-1.0,-1.0,-1.0,-1.0,-1.0,7.0,-1.0,redes de computadores,dme,105110107
8.0,6.0,10.0,8.0,-1.0,-1.0,-1.0,-1.0,8.2,-1.0,tecc(administracao de sistemas),dme,105110107
9.0,5.0,7.5,9.5,-1.0,-1.0,-1.0,-1.0,7.8,-1.0,tecc(economia de tecnologia da informaca,dme,105110107
7.0,8.5,9.0,-1.0,-1.0,-1.0,-1.0,-1.0,8.3,-1.0,tecc(fund e aplic. de realidade virtual,dme,105110107
7.7,7.3,8.5,-1.0,-1.0,-1.0,-1.0,-1.0,7.8,-1.0,tecc(visao computacional),dme,105110107
5.6,4.7,5.0,4.5,-1.0,-1.0,-1.0,-1.0,5.0,5.0,aval.de desempenho de sistemas discretos,dme,105210131
4.5,5.5,3.5,9.5,-1.0,-1.0,-1.0,-1.0,5.0,3.7,banco de dados ii,dme,105210131
